{
	"class_name" : "PinholeCameraParameters",
	"extrinsic" : 
	[
		0.034533351728978139,
		-0.78423273084596501,
		0.61950502135837682,
		0.0,
		-0.9947783185961403,
		-0.08654079459184652,
		-0.054099794107259423,
		0.0,
		0.096039286072933286,
		-0.61440191629038077,
		-0.78312626107755412,
		0.0,
		8.5072800993177147,
		-2.675352826704156,
		69.776708947021135,
		1.0
	],
	"intrinsic" : 
	{
		"height" : 1131,
		"intrinsic_matrix" : 
		[
			1187.3208285884655,
			0.0,
			0.0,
			0.0,
			1187.3208285884655,
			0.0,
			799.5,
			685.0,
			1.0
		],
		"width" : 1600
	},
	"version_major" : 1,
	"version_minor" : 0
}