{
	"class_name" : "PinholeCameraParameters",
	"extrinsic" : 
	[
		1.0,
		-0.0,
		-0.0,
		0.0,
		0.0,
		-1.0,
		-0.0,
		0.0,
		0.0,
		-0.0,
		-1.0,
		0.0,
		-0.2709197998046875,
		23.325221061706543,
		185.53202844063108,
		1.0
	],
	"intrinsic" : 
	{
		"height" : 550,
		"intrinsic_matrix" : 
		[
			476.31397208144131,
			0.0,
			0.0,
			0.0,
			476.31397208144131,
			0.0,
			959.5,
			274.5,
			1.0
		],
		"width" : 1920
	},
	"version_major" : 1,
	"version_minor" : 0
}